{
  "run_type": "cpu",
  "num_simulations": 20000,
  "runtime_seconds": 4.231078113999956,
  "throughput_sims_per_sec": 4726.9276201314315,
  "gpu_available": true,
  "gpu_used": false,
  "simulation_time_ms": 4216.404438018799
}