name,category,mean_ms,median_ms,p95_ms,payload_bytes,public_key_bytes,signature_bytes,ciphertext_bytes
Classical X25519 key exchange,key_exchange,0.3213469799948143,0.2962804999810942,0.5013300000200616,64,32,,
PQC Kyber768-FALLBACK KEM,key_exchange,0.29450143999838474,0.2809380000599049,0.4879890000211162,1248,1184,,64
Classical Ed25519 signature,signature,0.3970952199892963,0.3801569999950516,0.5574799999976676,64,32,64,
PQC Dilithium3-FALLBACK signature,signature,1.0329087600052844,1.0013235000769782,1.3026410000520627,64,32,64,
