query,avg_ms,p95_ms,runs
gold_time_bucket,0.33485387484688545,0.5592975500803732,8
silver_filter_success,0.32283212499351066,1.2064605486557411,8
silver_group_status,0.3246657502131711,0.5957857512839837,8
