concurrent_users,avg_latency_ms
1,1.3414869999905932
2,2.0480360000192377
5,3.6145090000445634
10,11.512069200011865
